草原,草原,草原,草原,草原,平原,平原,平原,平原,草原,草原,草原,草原,草原,草原,草原,草原,草原,草原,草原
沼泽,草原,草原,草原,草原,草原,平原,平原,平原,草原,草原,草原,草原,草原,草原,草原,草原,草原,草原,草原
沼泽,沼泽,草原,草原,草原,草原,平原,平原,平原,平原,草原,草原,草原,草原,草原,草原,草原,草原,草原,草原
沼泽,沼泽,沼泽,草原,草原,草原,草原,平原,平原,平原,草原,草原,草原,草原,草原,草原,草原,草原,沼泽,沼泽
沼泽,沼泽,沼泽,沼泽,草原,草原,草原,平原,平原,平原,平原,草原,草原,草原,草原,草原,草原,沼泽,沼泽,沼泽
沼泽,沼泽,沼泽,沼泽,沼泽,草原,草原,平原,平原,平原,平原,平原,草原,草原,草原,草原,草原,沼泽,沼泽,沼泽
沼泽,沼泽,沼泽,沼泽,沼泽,栅栏,栅栏,栅栏,栅栏,平原,平原,栅栏,栅栏,栅栏,栅栏,草原,草原,沼泽,沼泽,沼泽
沼泽,沼泽,沼泽,沼泽,沼泽,栅栏,民居,平原,平原,平原,平原,平原,平原,民居,栅栏,草原,沼泽,沼泽,沼泽,沼泽
沼泽,沼泽,沼泽,沼泽,沼泽,栅栏,民居,平原,平原,平原,平原,平原,平原,民居,栅栏,草原,沼泽,沼泽,沼泽,沼泽
沼泽,沼泽,沼泽,沼泽,平原,栅栏,民居,平原,平原,平原,平原,平原,平原,平原,栅栏,草原,沼泽,沼泽,沼泽,沼泽
沼泽,沼泽,沼泽,平原,平原,平原,平原,平原,平原,栅栏,栅栏,平原,平原,平原,栅栏,沼泽,沼泽,沼泽,沼泽,沼泽
沼泽,沼泽,平原,平原,平原,平原,平原,平原,平原,鹿砦,兵营,平原,平原,平原,栅栏,沼泽,沼泽,沼泽,沼泽,沼泽
沼泽,平原,平原,平原,平原,栅栏,平原,平原,平原,平原,平原,平原,平原,兵营,栅栏,平原,沼泽,沼泽,沼泽,沼泽
平原,平原,平原,平原,平原,栅栏,民居,民居,平原,平原,平原,平原,平原,兵营,栅栏,平原,草原,草原,沼泽,沼泽
平原,平原,平原,平原,平原,栅栏,栅栏,栅栏,栅栏,平原,平原,栅栏,栅栏,栅栏,栅栏,平原,草原,草原,沼泽,沼泽
平原,平原,草原,草原,草原,平原,平原,平原,平原,平原,平原,平原,平原,平原,平原,平原,平原,草原,草原,沼泽
草原,草原,草原,草原,草原,草原,平原,平原,平原,平原,平原,平原,平原,平原,平原,平原,平原,平原,草原,草原
草原,草原,草原,草原,草原,草原,平原,平原,平原,平原,平原,平原,平原,平原,平原,平原,平原,草原,草原,草原
草原,草原,草原,草原,草原,草原,草原,平原,平原,平原,平原,平原,平原,平原,平原,平原,草原,草原,草原,草原
草原,草原,草原,草原,草原,草原,草原,草原,草原,平原,平原,平原,平原,平原,平原,草原,草原,草原,草原,草原